{"Year":[2011,2012,2013,2014,2015,2016,2017,2018,2019,2020,2021,2011,2012,2013,2014,2015,2016,2017,2018,2019,2020,2021,2011,2012,2013,2014,2015,2016,2017,2018,2019,2020,2021,2011,2012,2013,2014,2015,2016,2017,2018,2019,2020,2021,2011,2012,2013,2014,2015,2016,2017,2018,2019,2020,2021,2011,2012,2013,2014,2015,2016,2017,2018,2019,2020,2021,2011,2012,2013,2014,2015,2016,2017,2018,2019,2020,2021,2011,2012,2013,2014,2015,2016,2017,2018,2019,2020,2021],"\uc9c0\uc5ed":["0.\uc804\uad6d","0.\uc804\uad6d","0.\uc804\uad6d","0.\uc804\uad6d","0.\uc804\uad6d","0.\uc804\uad6d","0.\uc804\uad6d","0.\uc804\uad6d","0.\uc804\uad6d","0.\uc804\uad6d","0.\uc804\uad6d","1.\uc218\ub3c4\uad8c","1.\uc218\ub3c4\uad8c","1.\uc218\ub3c4\uad8c","1.\uc218\ub3c4\uad8c","1.\uc218\ub3c4\uad8c","1.\uc218\ub3c4\uad8c","1.\uc218\ub3c4\uad8c","1.\uc218\ub3c4\uad8c","1.\uc218\ub3c4\uad8c","1.\uc218\ub3c4\uad8c","1.\uc218\ub3c4\uad8c","2.\ucda9\uccad\uad8c","2.\ucda9\uccad\uad8c","2.\ucda9\uccad\uad8c","2.\ucda9\uccad\uad8c","2.\ucda9\uccad\uad8c","2.\ucda9\uccad\uad8c","2.\ucda9\uccad\uad8c","2.\ucda9\uccad\uad8c","2.\ucda9\uccad\uad8c","2.\ucda9\uccad\uad8c","2.\ucda9\uccad\uad8c","3.\ud638\ub0a8\uad8c","3.\ud638\ub0a8\uad8c","3.\ud638\ub0a8\uad8c","3.\ud638\ub0a8\uad8c","3.\ud638\ub0a8\uad8c","3.\ud638\ub0a8\uad8c","3.\ud638\ub0a8\uad8c","3.\ud638\ub0a8\uad8c","3.\ud638\ub0a8\uad8c","3.\ud638\ub0a8\uad8c","3.\ud638\ub0a8\uad8c","4.\ub300\uacbd\uad8c","4.\ub300\uacbd\uad8c","4.\ub300\uacbd\uad8c","4.\ub300\uacbd\uad8c","4.\ub300\uacbd\uad8c","4.\ub300\uacbd\uad8c","4.\ub300\uacbd\uad8c","4.\ub300\uacbd\uad8c","4.\ub300\uacbd\uad8c","4.\ub300\uacbd\uad8c","4.\ub300\uacbd\uad8c","5.\ub3d9\ub0a8\uad8c","5.\ub3d9\ub0a8\uad8c","5.\ub3d9\ub0a8\uad8c","5.\ub3d9\ub0a8\uad8c","5.\ub3d9\ub0a8\uad8c","5.\ub3d9\ub0a8\uad8c","5.\ub3d9\ub0a8\uad8c","5.\ub3d9\ub0a8\uad8c","5.\ub3d9\ub0a8\uad8c","5.\ub3d9\ub0a8\uad8c","5.\ub3d9\ub0a8\uad8c","6.\uac15\uc6d0\uad8c","6.\uac15\uc6d0\uad8c","6.\uac15\uc6d0\uad8c","6.\uac15\uc6d0\uad8c","6.\uac15\uc6d0\uad8c","6.\uac15\uc6d0\uad8c","6.\uac15\uc6d0\uad8c","6.\uac15\uc6d0\uad8c","6.\uac15\uc6d0\uad8c","6.\uac15\uc6d0\uad8c","6.\uac15\uc6d0\uad8c","7.\uc81c\uc8fc\uad8c","7.\uc81c\uc8fc\uad8c","7.\uc81c\uc8fc\uad8c","7.\uc81c\uc8fc\uad8c","7.\uc81c\uc8fc\uad8c","7.\uc81c\uc8fc\uad8c","7.\uc81c\uc8fc\uad8c","7.\uc81c\uc8fc\uad8c","7.\uc81c\uc8fc\uad8c","7.\uc81c\uc8fc\uad8c","7.\uc81c\uc8fc\uad8c"],"Value":[24.14076565,33.31279564,34.11535335,42.20781585,33.30610721,42.4287769,29.7246598,40.82219169,39.13420777,42.7010959,34.04074099,25.77808995,32.39735903,34.97644571,42.95363991,34.43292812,42.48050732,30.10372744,40.30988119,40.63352799,44.86364308,33.34097531,24.42777839,33.26743787,35.00656704,44.65039306,35.55301672,43.55281747,29.90803935,42.38014392,39.66697859,40.35946675,39.09102558,22.32538789,35.70839144,32.68931301,40.40234523,31.59056616,42.92481981,31.57857131,43.62393674,38.74372304,41.71583801,37.91712839,20.29418342,31.56460517,31.17676554,37.17070771,29.90838244,38.89737303,25.83502716,37.99961811,36.23736971,33.76213766,29.12115398,22.70740912,35.24317437,33.13939713,42.77975477,31.2434924,42.57483279,29.50364611,41.28005624,36.24154521,42.63893751,32.39213541,21.58530213,36.80981638,36.30362728,41.17583938,33.65347043,45.66479711,30.21564153,42.32408667,37.3596246,45.77038658,37.49173404,26.80644719,32.87325371,35.32953921,43.27637839,36.02360235,46.04438743,31.2008672,38.90613495,40.17165934,47.84925712,38.45516555]}