{"Year":[2010,2011,2012,2013,2014,2015,2016,2017,2018,2019,2020,2021,2010,2011,2012,2013,2014,2015,2016,2017,2018,2019,2020,2021,2010,2011,2012,2013,2014,2015,2016,2017,2018,2019,2020,2021,2010,2011,2012,2013,2014,2015,2016,2017,2018,2019,2020,2021,2010,2011,2012,2013,2014,2015,2016,2017,2018,2019,2020,2021],"\uc2dc\ub3c4":["0.\uc804\uad6d","0.\uc804\uad6d","0.\uc804\uad6d","0.\uc804\uad6d","0.\uc804\uad6d","0.\uc804\uad6d","0.\uc804\uad6d","0.\uc804\uad6d","0.\uc804\uad6d","0.\uc804\uad6d","0.\uc804\uad6d","0.\uc804\uad6d","1.\uc218\ub3c4\uad8c","1.\uc218\ub3c4\uad8c","1.\uc218\ub3c4\uad8c","1.\uc218\ub3c4\uad8c","1.\uc218\ub3c4\uad8c","1.\uc218\ub3c4\uad8c","1.\uc218\ub3c4\uad8c","1.\uc218\ub3c4\uad8c","1.\uc218\ub3c4\uad8c","1.\uc218\ub3c4\uad8c","1.\uc218\ub3c4\uad8c","1.\uc218\ub3c4\uad8c","2.\uc11c\uc6b8\ud2b9\ubcc4\uc2dc","2.\uc11c\uc6b8\ud2b9\ubcc4\uc2dc","2.\uc11c\uc6b8\ud2b9\ubcc4\uc2dc","2.\uc11c\uc6b8\ud2b9\ubcc4\uc2dc","2.\uc11c\uc6b8\ud2b9\ubcc4\uc2dc","2.\uc11c\uc6b8\ud2b9\ubcc4\uc2dc","2.\uc11c\uc6b8\ud2b9\ubcc4\uc2dc","2.\uc11c\uc6b8\ud2b9\ubcc4\uc2dc","2.\uc11c\uc6b8\ud2b9\ubcc4\uc2dc","2.\uc11c\uc6b8\ud2b9\ubcc4\uc2dc","2.\uc11c\uc6b8\ud2b9\ubcc4\uc2dc","2.\uc11c\uc6b8\ud2b9\ubcc4\uc2dc","3.\uc778\ucc9c\uad11\uc5ed\uc2dc","3.\uc778\ucc9c\uad11\uc5ed\uc2dc","3.\uc778\ucc9c\uad11\uc5ed\uc2dc","3.\uc778\ucc9c\uad11\uc5ed\uc2dc","3.\uc778\ucc9c\uad11\uc5ed\uc2dc","3.\uc778\ucc9c\uad11\uc5ed\uc2dc","3.\uc778\ucc9c\uad11\uc5ed\uc2dc","3.\uc778\ucc9c\uad11\uc5ed\uc2dc","3.\uc778\ucc9c\uad11\uc5ed\uc2dc","3.\uc778\ucc9c\uad11\uc5ed\uc2dc","3.\uc778\ucc9c\uad11\uc5ed\uc2dc","3.\uc778\ucc9c\uad11\uc5ed\uc2dc","4.\uacbd\uae30\ub3c4","4.\uacbd\uae30\ub3c4","4.\uacbd\uae30\ub3c4","4.\uacbd\uae30\ub3c4","4.\uacbd\uae30\ub3c4","4.\uacbd\uae30\ub3c4","4.\uacbd\uae30\ub3c4","4.\uacbd\uae30\ub3c4","4.\uacbd\uae30\ub3c4","4.\uacbd\uae30\ub3c4","4.\uacbd\uae30\ub3c4","4.\uacbd\uae30\ub3c4"],"Value":[193.1,187.1,178.6,188.2,187.9,187.9,176.7,173.2,176.3,181.8,163.4,177.3,191.7937453,182.8161004,173.9211851,185.1475084,185.5098313,185.7378661,175.3307066,172.0624111,175.6917988,181.5458429,162.6325356,176.8320664,183.0,174.9,166.0,179.5,178.9,180.0,168.0,166.3,171.2,177.5,157.1,172.9,201.1,193.8,183.3,193.1,193.8,191.8,183.1,177.9,179.1,183.0,164.0,178.7,196.9,186.9,178.5,188.0,188.9,188.7,179.1,175.1,178.2,184.2,166.4,179.3]}