{"Year":[2012,2014,2016,2018,2020,2012,2014,2016,2018,2020,2012,2014,2016,2018,2020,2012,2014,2016,2018,2020,2012,2014,2016,2018,2020],"\uc2dc\ub3c4":["0.\uc804\uad6d","0.\uc804\uad6d","0.\uc804\uad6d","0.\uc804\uad6d","0.\uc804\uad6d","1.\uc218\ub3c4\uad8c","1.\uc218\ub3c4\uad8c","1.\uc218\ub3c4\uad8c","1.\uc218\ub3c4\uad8c","1.\uc218\ub3c4\uad8c","2.\uc11c\uc6b8\ud2b9\ubcc4\uc2dc","2.\uc11c\uc6b8\ud2b9\ubcc4\uc2dc","2.\uc11c\uc6b8\ud2b9\ubcc4\uc2dc","2.\uc11c\uc6b8\ud2b9\ubcc4\uc2dc","2.\uc11c\uc6b8\ud2b9\ubcc4\uc2dc","3.\uc778\ucc9c\uad11\uc5ed\uc2dc","3.\uc778\ucc9c\uad11\uc5ed\uc2dc","3.\uc778\ucc9c\uad11\uc5ed\uc2dc","3.\uc778\ucc9c\uad11\uc5ed\uc2dc","3.\uc778\ucc9c\uad11\uc5ed\uc2dc","4.\uacbd\uae30\ub3c4","4.\uacbd\uae30\ub3c4","4.\uacbd\uae30\ub3c4","4.\uacbd\uae30\ub3c4","4.\uacbd\uae30\ub3c4"],"Value":[46.69169023,49.73940214,52.26622316,58.02463288,59.2738232,47.30796231,51.09866552,52.91462822,58.69968671,59.72991829,49.04330411,51.27380469,53.5915322,63.87275183,66.37010017,42.43821155,53.70873082,50.80176727,62.28028749,61.04104014,46.15826058,46.72578276,52.80313859,54.67427836,56.08034682]}