{"data":{"Year":[2010,2015,2020,2010,2015,2020,2010,2015,2020,2010,2015,2020,2010,2015,2020,2010,2015,2020,2010,2015,2020,2010,2015,2020],"\uc9c0\uc5ed":["0.\uc804\uad6d","0.\uc804\uad6d","0.\uc804\uad6d","1.\uc218\ub3c4\uad8c","1.\uc218\ub3c4\uad8c","1.\uc218\ub3c4\uad8c","2.\ucda9\uccad\uad8c","2.\ucda9\uccad\uad8c","2.\ucda9\uccad\uad8c","3.\ud638\ub0a8\uad8c","3.\ud638\ub0a8\uad8c","3.\ud638\ub0a8\uad8c","4.\ub300\uacbd\uad8c","4.\ub300\uacbd\uad8c","4.\ub300\uacbd\uad8c","5.\ub3d9\ub0a8\uad8c","5.\ub3d9\ub0a8\uad8c","5.\ub3d9\ub0a8\uad8c","6.\uac15\uc6d0\uad8c","6.\uac15\uc6d0\uad8c","6.\uac15\uc6d0\uad8c","7.\uc81c\uc8fc\uad8c","7.\uc81c\uc8fc\uad8c","7.\uc81c\uc8fc\uad8c"],"Value":[1.349,1.5,1.58001624,1.27,1.4,1.532549396,1.38,1.50934722,1.656805009,1.46,1.6054073,1.677636,1.47,1.551330737,1.682809958,1.39,1.526898099,1.639042266,1.4,1.6,1.730202786,1.36,1.5,1.625499985]},"edges":[]}