{"data":{"Year":[2011,2012,2013,2014,2015,2016,2017,2018,2019,2020,2021,2011,2012,2013,2014,2015,2016,2017,2018,2019,2020,2021,2011,2012,2013,2014,2015,2016,2017,2018,2019,2020,2021,2011,2012,2013,2014,2015,2016,2017,2018,2019,2020,2021,2011,2012,2013,2014,2015,2016,2017,2018,2019,2020,2021,2011,2012,2013,2014,2015,2016,2017,2018,2019,2020,2021,2011,2012,2013,2014,2015,2016,2017,2018,2019,2020,2021,2011,2012,2013,2014,2015,2016,2017,2018,2019,2020,2021],"\uc9c0\uc5ed":["0.\uc804\uad6d","0.\uc804\uad6d","0.\uc804\uad6d","0.\uc804\uad6d","0.\uc804\uad6d","0.\uc804\uad6d","0.\uc804\uad6d","0.\uc804\uad6d","0.\uc804\uad6d","0.\uc804\uad6d","0.\uc804\uad6d","1.\uc218\ub3c4\uad8c","1.\uc218\ub3c4\uad8c","1.\uc218\ub3c4\uad8c","1.\uc218\ub3c4\uad8c","1.\uc218\ub3c4\uad8c","1.\uc218\ub3c4\uad8c","1.\uc218\ub3c4\uad8c","1.\uc218\ub3c4\uad8c","1.\uc218\ub3c4\uad8c","1.\uc218\ub3c4\uad8c","1.\uc218\ub3c4\uad8c","2.\ucda9\uccad\uad8c","2.\ucda9\uccad\uad8c","2.\ucda9\uccad\uad8c","2.\ucda9\uccad\uad8c","2.\ucda9\uccad\uad8c","2.\ucda9\uccad\uad8c","2.\ucda9\uccad\uad8c","2.\ucda9\uccad\uad8c","2.\ucda9\uccad\uad8c","2.\ucda9\uccad\uad8c","2.\ucda9\uccad\uad8c","3.\ud638\ub0a8\uad8c","3.\ud638\ub0a8\uad8c","3.\ud638\ub0a8\uad8c","3.\ud638\ub0a8\uad8c","3.\ud638\ub0a8\uad8c","3.\ud638\ub0a8\uad8c","3.\ud638\ub0a8\uad8c","3.\ud638\ub0a8\uad8c","3.\ud638\ub0a8\uad8c","3.\ud638\ub0a8\uad8c","3.\ud638\ub0a8\uad8c","4.\ub300\uacbd\uad8c","4.\ub300\uacbd\uad8c","4.\ub300\uacbd\uad8c","4.\ub300\uacbd\uad8c","4.\ub300\uacbd\uad8c","4.\ub300\uacbd\uad8c","4.\ub300\uacbd\uad8c","4.\ub300\uacbd\uad8c","4.\ub300\uacbd\uad8c","4.\ub300\uacbd\uad8c","4.\ub300\uacbd\uad8c","5.\ub3d9\ub0a8\uad8c","5.\ub3d9\ub0a8\uad8c","5.\ub3d9\ub0a8\uad8c","5.\ub3d9\ub0a8\uad8c","5.\ub3d9\ub0a8\uad8c","5.\ub3d9\ub0a8\uad8c","5.\ub3d9\ub0a8\uad8c","5.\ub3d9\ub0a8\uad8c","5.\ub3d9\ub0a8\uad8c","5.\ub3d9\ub0a8\uad8c","5.\ub3d9\ub0a8\uad8c","6.\uac15\uc6d0\uad8c","6.\uac15\uc6d0\uad8c","6.\uac15\uc6d0\uad8c","6.\uac15\uc6d0\uad8c","6.\uac15\uc6d0\uad8c","6.\uac15\uc6d0\uad8c","6.\uac15\uc6d0\uad8c","6.\uac15\uc6d0\uad8c","6.\uac15\uc6d0\uad8c","6.\uac15\uc6d0\uad8c","6.\uac15\uc6d0\uad8c","7.\uc81c\uc8fc\uad8c","7.\uc81c\uc8fc\uad8c","7.\uc81c\uc8fc\uad8c","7.\uc81c\uc8fc\uad8c","7.\uc81c\uc8fc\uad8c","7.\uc81c\uc8fc\uad8c","7.\uc81c\uc8fc\uad8c","7.\uc81c\uc8fc\uad8c","7.\uc81c\uc8fc\uad8c","7.\uc81c\uc8fc\uad8c","7.\uc81c\uc8fc\uad8c"],"Value":[8.285110132,7.656778243,7.574467213,7.451069959,7.671111111,7.631604938,7.713168724,7.717434764,7.709281325,7.709281325,7.717224717,8.306825397,7.887794118,7.643478261,7.570724638,7.792753623,7.756666667,7.847971014,7.828997442,7.789072594,7.789072594,7.782010764,8.303529412,7.648,7.560277778,7.359714286,7.622,7.600857143,7.678857143,7.778007427,7.712526993,7.712526993,7.731881668,8.305263158,7.517272727,7.455681818,7.375,7.604545455,7.574090909,7.597045455,7.590362079,7.596945365,7.596945365,7.630716913,8.245789474,7.518888889,7.527894737,7.311052632,7.636842105,7.483684211,7.577368421,7.470474234,7.490750947,7.490750947,7.594766338,8.2778125,7.4396875,7.553636364,7.393636364,7.505757576,7.476969697,7.532727273,7.583638572,7.690621497,7.690621497,7.597112325,8.23525,7.694146341,7.647380952,7.533809524,7.742142857,7.714761905,7.842142857,7.840547173,7.827512735,7.827512735,7.839716632,8.5,6.29,7.06,6.82,7.05,7.03,7.84,7.427568027,6.835,6.835,7.686095238]},"edges":[]}