{"data":{"Year":[2017,2018,2019,2020,2021,2017,2018,2019,2020,2021,2017,2018,2019,2020,2021,2017,2018,2019,2020,2021,2017,2018,2019,2020,2021,2017,2018,2019,2020,2021,2017,2018,2019,2020,2021,2017,2018,2019,2020,2021],"\uc9c0\uc5ed":["0.\uc804\uad6d","0.\uc804\uad6d","0.\uc804\uad6d","0.\uc804\uad6d","0.\uc804\uad6d","1.\uc218\ub3c4\uad8c","1.\uc218\ub3c4\uad8c","1.\uc218\ub3c4\uad8c","1.\uc218\ub3c4\uad8c","1.\uc218\ub3c4\uad8c","2.\ucda9\uccad\uad8c","2.\ucda9\uccad\uad8c","2.\ucda9\uccad\uad8c","2.\ucda9\uccad\uad8c","2.\ucda9\uccad\uad8c","3.\ud638\ub0a8\uad8c","3.\ud638\ub0a8\uad8c","3.\ud638\ub0a8\uad8c","3.\ud638\ub0a8\uad8c","3.\ud638\ub0a8\uad8c","4.\ub300\uacbd\uad8c","4.\ub300\uacbd\uad8c","4.\ub300\uacbd\uad8c","4.\ub300\uacbd\uad8c","4.\ub300\uacbd\uad8c","5.\ub3d9\ub0a8\uad8c","5.\ub3d9\ub0a8\uad8c","5.\ub3d9\ub0a8\uad8c","5.\ub3d9\ub0a8\uad8c","5.\ub3d9\ub0a8\uad8c","6.\uac15\uc6d0\uad8c","6.\uac15\uc6d0\uad8c","6.\uac15\uc6d0\uad8c","6.\uac15\uc6d0\uad8c","6.\uac15\uc6d0\uad8c","7.\uc81c\uc8fc\uad8c","7.\uc81c\uc8fc\uad8c","7.\uc81c\uc8fc\uad8c","7.\uc81c\uc8fc\uad8c","7.\uc81c\uc8fc\uad8c"],"Value":[5.260824331,6.553200542,-4.598839611,13.43115998,-4.703474608,5.918646041,10.36668812,-6.22987395,16.12223418,-3.04448757,4.468727579,2.414310444,0.27697643,12.37915966,-5.270234885,12.35152045,6.502504817,-6.359433405,7.91041058,-11.21269362,2.213602372,1.233135332,-1.059126825,6.185224961,-4.434292592,1.294487191,-2.001164014,-2.23153112,11.05527907,-6.614499923,0.0,2.624266749,1.943030136,-2.444456975,14.18340189,0.0,1.041378675,1.760898103,-10.79847527,7.561778478]},"edges":[]}