{"data":{"Year":[2011,2012,2013,2014,2015,2016,2017,2018,2019,2020,2011,2012,2013,2014,2015,2016,2017,2018,2019,2020,2011,2012,2013,2014,2015,2016,2017,2018,2019,2020,2011,2012,2013,2014,2015,2016,2017,2018,2019,2020,2011,2012,2013,2014,2015,2016,2017,2018,2019,2020,2011,2012,2013,2014,2015,2016,2017,2018,2019,2020,2011,2012,2013,2014,2015,2016,2017,2018,2019,2020,2011,2012,2013,2014,2015,2016,2017,2018,2019,2020],"\uc9c0\uc5ed":["0.\uc804\uad6d","0.\uc804\uad6d","0.\uc804\uad6d","0.\uc804\uad6d","0.\uc804\uad6d","0.\uc804\uad6d","0.\uc804\uad6d","0.\uc804\uad6d","0.\uc804\uad6d","0.\uc804\uad6d","1.\uc218\ub3c4\uad8c","1.\uc218\ub3c4\uad8c","1.\uc218\ub3c4\uad8c","1.\uc218\ub3c4\uad8c","1.\uc218\ub3c4\uad8c","1.\uc218\ub3c4\uad8c","1.\uc218\ub3c4\uad8c","1.\uc218\ub3c4\uad8c","1.\uc218\ub3c4\uad8c","1.\uc218\ub3c4\uad8c","2.\ucda9\uccad\uad8c","2.\ucda9\uccad\uad8c","2.\ucda9\uccad\uad8c","2.\ucda9\uccad\uad8c","2.\ucda9\uccad\uad8c","2.\ucda9\uccad\uad8c","2.\ucda9\uccad\uad8c","2.\ucda9\uccad\uad8c","2.\ucda9\uccad\uad8c","2.\ucda9\uccad\uad8c","3.\ud638\ub0a8\uad8c","3.\ud638\ub0a8\uad8c","3.\ud638\ub0a8\uad8c","3.\ud638\ub0a8\uad8c","3.\ud638\ub0a8\uad8c","3.\ud638\ub0a8\uad8c","3.\ud638\ub0a8\uad8c","3.\ud638\ub0a8\uad8c","3.\ud638\ub0a8\uad8c","3.\ud638\ub0a8\uad8c","4.\ub300\uacbd\uad8c","4.\ub300\uacbd\uad8c","4.\ub300\uacbd\uad8c","4.\ub300\uacbd\uad8c","4.\ub300\uacbd\uad8c","4.\ub300\uacbd\uad8c","4.\ub300\uacbd\uad8c","4.\ub300\uacbd\uad8c","4.\ub300\uacbd\uad8c","4.\ub300\uacbd\uad8c","5.\ub3d9\ub0a8\uad8c","5.\ub3d9\ub0a8\uad8c","5.\ub3d9\ub0a8\uad8c","5.\ub3d9\ub0a8\uad8c","5.\ub3d9\ub0a8\uad8c","5.\ub3d9\ub0a8\uad8c","5.\ub3d9\ub0a8\uad8c","5.\ub3d9\ub0a8\uad8c","5.\ub3d9\ub0a8\uad8c","5.\ub3d9\ub0a8\uad8c","6.\uac15\uc6d0\uad8c","6.\uac15\uc6d0\uad8c","6.\uac15\uc6d0\uad8c","6.\uac15\uc6d0\uad8c","6.\uac15\uc6d0\uad8c","6.\uac15\uc6d0\uad8c","6.\uac15\uc6d0\uad8c","6.\uac15\uc6d0\uad8c","6.\uac15\uc6d0\uad8c","6.\uac15\uc6d0\uad8c","7.\uc81c\uc8fc\uad8c","7.\uc81c\uc8fc\uad8c","7.\uc81c\uc8fc\uad8c","7.\uc81c\uc8fc\uad8c","7.\uc81c\uc8fc\uad8c","7.\uc81c\uc8fc\uad8c","7.\uc81c\uc8fc\uad8c","7.\uc81c\uc8fc\uad8c","7.\uc81c\uc8fc\uad8c","7.\uc81c\uc8fc\uad8c"],"Value":[4233.0,4479.0,4658.0,4770.0,4882.0,5478.0,5705.0,5828.0,5924.0,6125.0,4665.0,4813.0,4959.0,5072.0,5206.0,5921.0,6300.0,6412.0,6483.0,6718.0,3857.557084,4101.508714,4274.216927,4411.197997,4463.870842,4758.837375,5213.804516,5445.870476,5537.236456,5781.714523,3659.854143,4062.802149,4235.923889,4304.249327,4357.08757,4921.455782,4986.048944,5273.605821,5518.385928,5735.923394,3872.306602,4194.025601,4403.22997,4434.274837,4604.675981,5111.327507,5192.77365,5049.344165,5071.375145,5200.707587,4032.775176,4317.754072,4584.406511,4728.264041,4797.039465,5234.195271,5258.76707,5354.890983,5505.062532,5560.656563,3405.0,3920.0,4077.0,4177.0,4230.0,4806.0,4817.0,5088.0,4924.0,5196.0,3683.0,3598.0,3791.0,4060.0,4191.0,5359.0,5126.0,5437.0,5531.0,5933.0]},"edges":[]}