{"data":{"Year":[2009,2010,2011,2012,2013,2014,2015,2016,2017,2018,2019,2020,2021,2009,2010,2011,2012,2013,2014,2015,2016,2017,2018,2019,2020,2021,2009,2010,2011,2012,2013,2014,2015,2016,2017,2018,2019,2020,2021,2009,2010,2011,2012,2013,2014,2015,2016,2017,2018,2019,2020,2021,2009,2010,2011,2012,2013,2014,2015,2016,2017,2018,2019,2020,2021],"\uc2dc\ub3c4":["0.\uc804\uad6d","0.\uc804\uad6d","0.\uc804\uad6d","0.\uc804\uad6d","0.\uc804\uad6d","0.\uc804\uad6d","0.\uc804\uad6d","0.\uc804\uad6d","0.\uc804\uad6d","0.\uc804\uad6d","0.\uc804\uad6d","0.\uc804\uad6d","0.\uc804\uad6d","1.\uc218\ub3c4\uad8c","1.\uc218\ub3c4\uad8c","1.\uc218\ub3c4\uad8c","1.\uc218\ub3c4\uad8c","1.\uc218\ub3c4\uad8c","1.\uc218\ub3c4\uad8c","1.\uc218\ub3c4\uad8c","1.\uc218\ub3c4\uad8c","1.\uc218\ub3c4\uad8c","1.\uc218\ub3c4\uad8c","1.\uc218\ub3c4\uad8c","1.\uc218\ub3c4\uad8c","1.\uc218\ub3c4\uad8c","2.\uc11c\uc6b8\ud2b9\ubcc4\uc2dc","2.\uc11c\uc6b8\ud2b9\ubcc4\uc2dc","2.\uc11c\uc6b8\ud2b9\ubcc4\uc2dc","2.\uc11c\uc6b8\ud2b9\ubcc4\uc2dc","2.\uc11c\uc6b8\ud2b9\ubcc4\uc2dc","2.\uc11c\uc6b8\ud2b9\ubcc4\uc2dc","2.\uc11c\uc6b8\ud2b9\ubcc4\uc2dc","2.\uc11c\uc6b8\ud2b9\ubcc4\uc2dc","2.\uc11c\uc6b8\ud2b9\ubcc4\uc2dc","2.\uc11c\uc6b8\ud2b9\ubcc4\uc2dc","2.\uc11c\uc6b8\ud2b9\ubcc4\uc2dc","2.\uc11c\uc6b8\ud2b9\ubcc4\uc2dc","2.\uc11c\uc6b8\ud2b9\ubcc4\uc2dc","3.\uc778\ucc9c\uad11\uc5ed\uc2dc","3.\uc778\ucc9c\uad11\uc5ed\uc2dc","3.\uc778\ucc9c\uad11\uc5ed\uc2dc","3.\uc778\ucc9c\uad11\uc5ed\uc2dc","3.\uc778\ucc9c\uad11\uc5ed\uc2dc","3.\uc778\ucc9c\uad11\uc5ed\uc2dc","3.\uc778\ucc9c\uad11\uc5ed\uc2dc","3.\uc778\ucc9c\uad11\uc5ed\uc2dc","3.\uc778\ucc9c\uad11\uc5ed\uc2dc","3.\uc778\ucc9c\uad11\uc5ed\uc2dc","3.\uc778\ucc9c\uad11\uc5ed\uc2dc","3.\uc778\ucc9c\uad11\uc5ed\uc2dc","3.\uc778\ucc9c\uad11\uc5ed\uc2dc","4.\uacbd\uae30\ub3c4","4.\uacbd\uae30\ub3c4","4.\uacbd\uae30\ub3c4","4.\uacbd\uae30\ub3c4","4.\uacbd\uae30\ub3c4","4.\uacbd\uae30\ub3c4","4.\uacbd\uae30\ub3c4","4.\uacbd\uae30\ub3c4","4.\uacbd\uae30\ub3c4","4.\uacbd\uae30\ub3c4","4.\uacbd\uae30\ub3c4","4.\uacbd\uae30\ub3c4","4.\uacbd\uae30\ub3c4"],"Value":[24.2,24.0,24.0,23.6,23.9,24.2,24.4,25.6,27.2,29.1,32.1,30.2,36.7,28.60688413,28.35267422,28.42150795,26.63494528,27.42796346,28.02668313,28.39255735,29.84981628,31.75769446,34.54536325,38.29143808,35.83204789,42.98528096,33.1,32.1,32.8,31.2,32.8,33.5,33.8,35.2,39.1,41.1,45.1,45.3,52.9,22.1,22.0,21.4,20.3,20.8,21.1,21.3,23.2,25.1,27.7,31.3,30.1,34.4,26.9,27.1,26.9,24.9,25.3,26.0,26.5,27.9,28.7,32.1,35.8,31.6,39.3]},"edges":[]}