{"data":{"Year":[2014,2015,2016,2017,2018,2019,2020,2014,2015,2016,2017,2018,2019,2020,2014,2015,2016,2017,2018,2019,2020,2014,2015,2016,2017,2018,2019,2020,2014,2015,2016,2017,2018,2019,2020],"\uc2dc\ub3c4":["0.\uc804\uad6d","0.\uc804\uad6d","0.\uc804\uad6d","0.\uc804\uad6d","0.\uc804\uad6d","0.\uc804\uad6d","0.\uc804\uad6d","1.\uc218\ub3c4\uad8c","1.\uc218\ub3c4\uad8c","1.\uc218\ub3c4\uad8c","1.\uc218\ub3c4\uad8c","1.\uc218\ub3c4\uad8c","1.\uc218\ub3c4\uad8c","1.\uc218\ub3c4\uad8c","2.\uc11c\uc6b8\ud2b9\ubcc4\uc2dc","2.\uc11c\uc6b8\ud2b9\ubcc4\uc2dc","2.\uc11c\uc6b8\ud2b9\ubcc4\uc2dc","2.\uc11c\uc6b8\ud2b9\ubcc4\uc2dc","2.\uc11c\uc6b8\ud2b9\ubcc4\uc2dc","2.\uc11c\uc6b8\ud2b9\ubcc4\uc2dc","2.\uc11c\uc6b8\ud2b9\ubcc4\uc2dc","3.\uc778\ucc9c\uad11\uc5ed\uc2dc","3.\uc778\ucc9c\uad11\uc5ed\uc2dc","3.\uc778\ucc9c\uad11\uc5ed\uc2dc","3.\uc778\ucc9c\uad11\uc5ed\uc2dc","3.\uc778\ucc9c\uad11\uc5ed\uc2dc","3.\uc778\ucc9c\uad11\uc5ed\uc2dc","3.\uc778\ucc9c\uad11\uc5ed\uc2dc","4.\uacbd\uae30\ub3c4","4.\uacbd\uae30\ub3c4","4.\uacbd\uae30\ub3c4","4.\uacbd\uae30\ub3c4","4.\uacbd\uae30\ub3c4","4.\uacbd\uae30\ub3c4","4.\uacbd\uae30\ub3c4"],"Value":[98.27197111,98.26846317,98.29588766,98.09523561,95.90773719,95.71951167,89.82971969,93.2701314,92.24509685,91.88151136,90.40129857,90.09795824,86.40946485,77.00930351,95.93095322,88.97024817,87.96203355,80.13885049,82.40569336,83.41521607,75.97484443,98.37540888,97.0517085,94.91739975,93.48857477,89.3716722,75.07289145,58.43421074,91.21511467,90.87450981,91.76074508,91.87194529,91.87205263,90.1989804,83.06482969]},"edges":[]}