{"data":{"Year":[2015,2020,2015,2020,2015,2020,2015,2020,2015,2020,2015,2020,2015,2020,2015,2020],"\uc9c0\uc5ed":["0.\uc804\uad6d","0.\uc804\uad6d","1.\uc218\ub3c4\uad8c","1.\uc218\ub3c4\uad8c","2.\ucda9\uccad\uad8c","2.\ucda9\uccad\uad8c","3.\ud638\ub0a8\uad8c","3.\ud638\ub0a8\uad8c","4.\ub300\uacbd\uad8c","4.\ub300\uacbd\uad8c","5.\ub3d9\ub0a8\uad8c","5.\ub3d9\ub0a8\uad8c","6.\uac15\uc6d0\uad8c","6.\uac15\uc6d0\uad8c","7.\uc81c\uc8fc\uad8c","7.\uc81c\uc8fc\uad8c"],"Value":[26.37175198,25.64008423,29.18531631,27.30073914,24.07268851,24.21167824,24.07677576,24.63383184,22.76111065,22.8003393,23.03107989,23.45462713,25.11895867,26.23902883,24.52920105,23.20961781]},"edges":[]}