{"data":{"Year":[2015,2016,2017,2018,2019,2020,2015,2016,2017,2018,2019,2020,2015,2016,2017,2018,2019,2020,2015,2016,2017,2018,2019,2020,2015,2016,2017,2018,2019,2020,2015,2016,2017,2018,2019,2020,2015,2016,2017,2018,2019,2020,2015,2016,2017,2018,2019,2020],"\uc9c0\uc5ed":["0.\uc804\uad6d","0.\uc804\uad6d","0.\uc804\uad6d","0.\uc804\uad6d","0.\uc804\uad6d","0.\uc804\uad6d","1.\uc218\ub3c4\uad8c","1.\uc218\ub3c4\uad8c","1.\uc218\ub3c4\uad8c","1.\uc218\ub3c4\uad8c","1.\uc218\ub3c4\uad8c","1.\uc218\ub3c4\uad8c","2.\ucda9\uccad\uad8c","2.\ucda9\uccad\uad8c","2.\ucda9\uccad\uad8c","2.\ucda9\uccad\uad8c","2.\ucda9\uccad\uad8c","2.\ucda9\uccad\uad8c","3.\ud638\ub0a8\uad8c","3.\ud638\ub0a8\uad8c","3.\ud638\ub0a8\uad8c","3.\ud638\ub0a8\uad8c","3.\ud638\ub0a8\uad8c","3.\ud638\ub0a8\uad8c","4.\ub300\uacbd\uad8c","4.\ub300\uacbd\uad8c","4.\ub300\uacbd\uad8c","4.\ub300\uacbd\uad8c","4.\ub300\uacbd\uad8c","4.\ub300\uacbd\uad8c","5.\ub3d9\ub0a8\uad8c","5.\ub3d9\ub0a8\uad8c","5.\ub3d9\ub0a8\uad8c","5.\ub3d9\ub0a8\uad8c","5.\ub3d9\ub0a8\uad8c","5.\ub3d9\ub0a8\uad8c","6.\uac15\uc6d0\uad8c","6.\uac15\uc6d0\uad8c","6.\uac15\uc6d0\uad8c","6.\uac15\uc6d0\uad8c","6.\uac15\uc6d0\uad8c","6.\uac15\uc6d0\uad8c","7.\uc81c\uc8fc\uad8c","7.\uc81c\uc8fc\uad8c","7.\uc81c\uc8fc\uad8c","7.\uc81c\uc8fc\uad8c","7.\uc81c\uc8fc\uad8c","7.\uc81c\uc8fc\uad8c"],"Value":[25.51952191,25.92039258,24.94200564,23.0761523,23.12542838,18.68861454,24.8356998,26.85233918,25.96435644,24.18819188,25.18989899,20.56740563,28.92682927,24.75862069,23.9047619,22.54290718,25.78800558,20.40071344,26.87261146,25.84892086,24.64942529,22.76923077,21.96448087,16.99579832,25.88372093,23.72262774,23.25438596,23.14776632,20.9119171,17.16348449,25.44471154,25.65647059,24.6440281,21.81064163,19.80577428,17.46896552,26.04347826,28.26760563,25.69620253,22.40425532,21.12340426,16.42890173,23.0625,22.16666667,21.76470588,19.0,18.61666667,15.45833333]},"edges":[]}