{"Year":[2006,2008,2010,2012,2014,2016,2017,2018,2019,2020,2006,2008,2010,2012,2014,2016,2017,2018,2019,2020,2006,2008,2010,2012,2014,2016,2017,2018,2019,2020,2006,2008,2010,2012,2014,2016,2017,2018,2019,2020,2006,2008,2010,2012,2014,2016,2017,2018,2019,2020,2006,2008,2010,2012,2014,2016,2017,2018,2019,2020,2006,2008,2010,2012,2014,2016,2017,2018,2019,2020,2006,2008,2010,2012,2014,2016,2017,2018,2019,2020],"\uc9c0\uc5ed":["0.\uc804\uad6d","0.\uc804\uad6d","0.\uc804\uad6d","0.\uc804\uad6d","0.\uc804\uad6d","0.\uc804\uad6d","0.\uc804\uad6d","0.\uc804\uad6d","0.\uc804\uad6d","0.\uc804\uad6d","1.\uc218\ub3c4\uad8c","1.\uc218\ub3c4\uad8c","1.\uc218\ub3c4\uad8c","1.\uc218\ub3c4\uad8c","1.\uc218\ub3c4\uad8c","1.\uc218\ub3c4\uad8c","1.\uc218\ub3c4\uad8c","1.\uc218\ub3c4\uad8c","1.\uc218\ub3c4\uad8c","1.\uc218\ub3c4\uad8c","2.\ucda9\uccad\uad8c","2.\ucda9\uccad\uad8c","2.\ucda9\uccad\uad8c","2.\ucda9\uccad\uad8c","2.\ucda9\uccad\uad8c","2.\ucda9\uccad\uad8c","2.\ucda9\uccad\uad8c","2.\ucda9\uccad\uad8c","2.\ucda9\uccad\uad8c","2.\ucda9\uccad\uad8c","3.\ud638\ub0a8\uad8c","3.\ud638\ub0a8\uad8c","3.\ud638\ub0a8\uad8c","3.\ud638\ub0a8\uad8c","3.\ud638\ub0a8\uad8c","3.\ud638\ub0a8\uad8c","3.\ud638\ub0a8\uad8c","3.\ud638\ub0a8\uad8c","3.\ud638\ub0a8\uad8c","3.\ud638\ub0a8\uad8c","4.\ub300\uacbd\uad8c","4.\ub300\uacbd\uad8c","4.\ub300\uacbd\uad8c","4.\ub300\uacbd\uad8c","4.\ub300\uacbd\uad8c","4.\ub300\uacbd\uad8c","4.\ub300\uacbd\uad8c","4.\ub300\uacbd\uad8c","4.\ub300\uacbd\uad8c","4.\ub300\uacbd\uad8c","5.\ub3d9\ub0a8\uad8c","5.\ub3d9\ub0a8\uad8c","5.\ub3d9\ub0a8\uad8c","5.\ub3d9\ub0a8\uad8c","5.\ub3d9\ub0a8\uad8c","5.\ub3d9\ub0a8\uad8c","5.\ub3d9\ub0a8\uad8c","5.\ub3d9\ub0a8\uad8c","5.\ub3d9\ub0a8\uad8c","5.\ub3d9\ub0a8\uad8c","6.\uac15\uc6d0\uad8c","6.\uac15\uc6d0\uad8c","6.\uac15\uc6d0\uad8c","6.\uac15\uc6d0\uad8c","6.\uac15\uc6d0\uad8c","6.\uac15\uc6d0\uad8c","6.\uac15\uc6d0\uad8c","6.\uac15\uc6d0\uad8c","6.\uac15\uc6d0\uad8c","6.\uac15\uc6d0\uad8c","7.\uc81c\uc8fc\uad8c","7.\uc81c\uc8fc\uad8c","7.\uc81c\uc8fc\uad8c","7.\uc81c\uc8fc\uad8c","7.\uc81c\uc8fc\uad8c","7.\uc81c\uc8fc\uad8c","7.\uc81c\uc8fc\uad8c","7.\uc81c\uc8fc\uad8c","7.\uc81c\uc8fc\uad8c","7.\uc81c\uc8fc\uad8c"],"Value":[79.37141947,74.65040322,80.93491203,56.76075882,79.84739734,83.94030151,86.2421613,85.8575197,84.77218043,86.43984303,78.65727474,75.09402269,79.54972726,56.77623711,79.31885513,84.34766285,86.15706216,85.59132142,85.79293507,86.41045869,82.71377772,75.56290112,82.54921831,56.60608085,78.61763228,78.2792764,85.70277221,85.2592592,86.85223841,84.11120107,80.67836074,76.31411797,82.88186327,51.27427757,79.82561372,87.30461802,87.20821087,86.97078821,82.45891956,85.70494213,78.7765802,65.53655962,81.56900422,55.99351953,71.95739912,79.72507283,80.9303798,84.03618807,75.74088387,85.14452779,78.22257241,77.1973108,80.04894176,62.57289137,85.19881938,85.72553386,88.17586908,86.68216932,86.66577717,88.10726453,81.23283524,74.90012583,88.64032259,47.3655612,89.73728414,88.32332614,92.69073762,89.31251001,87.52563838,92.55616773,82.67966,84.09116507,90.6174275,60.28404866,86.72555228,90.69193992,89.77396319,88.2770914,89.50424427,88.98303309]}