{"Year":[2011,2012,2013,2014,2015,2016,2017,2018,2019,2020,2021,2011,2012,2013,2014,2015,2016,2017,2018,2019,2020,2021,2011,2012,2013,2014,2015,2016,2017,2018,2019,2020,2021,2011,2012,2013,2014,2015,2016,2017,2018,2019,2020,2021,2011,2012,2013,2014,2015,2016,2017,2018,2019,2020,2021],"\uc2dc\ub3c4":["0.\uc804\uad6d","0.\uc804\uad6d","0.\uc804\uad6d","0.\uc804\uad6d","0.\uc804\uad6d","0.\uc804\uad6d","0.\uc804\uad6d","0.\uc804\uad6d","0.\uc804\uad6d","0.\uc804\uad6d","0.\uc804\uad6d","1.\uc218\ub3c4\uad8c","1.\uc218\ub3c4\uad8c","1.\uc218\ub3c4\uad8c","1.\uc218\ub3c4\uad8c","1.\uc218\ub3c4\uad8c","1.\uc218\ub3c4\uad8c","1.\uc218\ub3c4\uad8c","1.\uc218\ub3c4\uad8c","1.\uc218\ub3c4\uad8c","1.\uc218\ub3c4\uad8c","1.\uc218\ub3c4\uad8c","2.\uc11c\uc6b8\ud2b9\ubcc4\uc2dc","2.\uc11c\uc6b8\ud2b9\ubcc4\uc2dc","2.\uc11c\uc6b8\ud2b9\ubcc4\uc2dc","2.\uc11c\uc6b8\ud2b9\ubcc4\uc2dc","2.\uc11c\uc6b8\ud2b9\ubcc4\uc2dc","2.\uc11c\uc6b8\ud2b9\ubcc4\uc2dc","2.\uc11c\uc6b8\ud2b9\ubcc4\uc2dc","2.\uc11c\uc6b8\ud2b9\ubcc4\uc2dc","2.\uc11c\uc6b8\ud2b9\ubcc4\uc2dc","2.\uc11c\uc6b8\ud2b9\ubcc4\uc2dc","2.\uc11c\uc6b8\ud2b9\ubcc4\uc2dc","3.\uc778\ucc9c\uad11\uc5ed\uc2dc","3.\uc778\ucc9c\uad11\uc5ed\uc2dc","3.\uc778\ucc9c\uad11\uc5ed\uc2dc","3.\uc778\ucc9c\uad11\uc5ed\uc2dc","3.\uc778\ucc9c\uad11\uc5ed\uc2dc","3.\uc778\ucc9c\uad11\uc5ed\uc2dc","3.\uc778\ucc9c\uad11\uc5ed\uc2dc","3.\uc778\ucc9c\uad11\uc5ed\uc2dc","3.\uc778\ucc9c\uad11\uc5ed\uc2dc","3.\uc778\ucc9c\uad11\uc5ed\uc2dc","3.\uc778\ucc9c\uad11\uc5ed\uc2dc","4.\uacbd\uae30\ub3c4","4.\uacbd\uae30\ub3c4","4.\uacbd\uae30\ub3c4","4.\uacbd\uae30\ub3c4","4.\uacbd\uae30\ub3c4","4.\uacbd\uae30\ub3c4","4.\uacbd\uae30\ub3c4","4.\uacbd\uae30\ub3c4","4.\uacbd\uae30\ub3c4","4.\uacbd\uae30\ub3c4","4.\uacbd\uae30\ub3c4"],"Value":[24.14076565,33.31279564,34.11535335,42.20781585,33.30610721,42.4287769,29.7246598,40.82219169,39.13420777,42.7010959,34.04074099,25.77808995,32.39735903,34.97644571,42.95363991,34.43292812,42.48050732,30.10372744,40.30988119,40.63352799,44.86364308,33.34097531,27.2235478,32.72303709,35.83946936,43.36857775,36.56340421,43.14162517,32.34768616,42.11979446,40.6212351,46.39080514,34.10055236,22.55836278,29.32818753,32.71418578,42.63717967,31.25685343,38.87883235,27.69644321,39.9830105,43.64781895,42.33618421,31.0712985,25.25141321,32.8314415,34.77677322,42.68250498,33.42656562,42.78851318,28.90206298,38.97928283,39.96422249,44.2938544,33.28329491]}